"","models","elpd_diff","se_diff"
"1","logs_power",0,0
"2","addititve_multiplicative",-10.0592998579556,4.65188015048019
"3","logs_power_noint",-35.9109148991628,8.86807001353487
"4","logs_expo",-85.8595499052033,15.7394945463699
"5","additive",-820.015523182747,37.4792725883027
